Date,Foreign Exchange Rate (weekly),Weekly First Difference,Predicted Exchange Rate
1998-08-30,42.52363333333333,,0.0
1998-09-06,42.537800000000004,0.014166666666675098,42.523635259598905
1998-09-13,42.52515,-0.012650000000007822,42.54192103839716
1998-09-20,42.497879999999995,-0.02727000000000146,42.520745470858294
1998-09-27,42.52208,0.02420000000000755,42.49064855754918
1998-10-04,42.5098,-0.012280000000004065,42.53005172895261
1998-10-11,42.38491666666667,-0.12488333333332946,42.50436137587269
1998-10-18,42.320025,-0.0648916666666679,42.34869845903871
1998-10-25,42.29495,-0.02507500000000107,42.30529311630376
1998-11-01,42.2923,-0.0026500000000027057,42.28688552418124
1998-11-08,42.317325,0.02502499999999941,42.29310262360887
1998-11-15,42.29834,-0.01898499999999359,42.323905279384135
1998-11-22,42.40168,0.10333999999999577,42.292026502549156
1998-11-29,42.44632,0.04464000000000112,42.434623604961494
1998-12-06,42.573879999999996,0.12755999999999545,42.453529478144645
1998-12-13,42.56082,-0.013059999999995853,42.61530754988569
1998-12-20,42.55972,-0.001100000000000989,42.54832777151666
1998-12-27,42.54235,-0.017369999999999663,42.566408113177424
1999-01-03,42.508359999999996,-0.03399000000000285,42.531862446020426
1999-01-10,42.52424,0.01588000000000278,42.502748909327664
1999-01-17,42.502539999999996,-0.021700000000002717,42.527308533734924
1999-01-24,42.505250000000004,0.0027100000000075397,42.49641036495578
1999-01-31,42.500275,-0.004975000000001728,42.50683974312753
1999-02-07,42.48232,-0.01795500000000061,42.49804532269406
1999-02-14,42.451660000000004,-0.030659999999997467,42.47762453798603
1999-02-21,42.4578,0.006139999999994927,42.44264356617431
1999-02-28,42.44303333333333,-0.014766666666666595,42.461017543064415
1999-03-07,42.5297,0.086666666666666,42.4372005836189
1999-03-14,42.45816,-0.07153999999999883,42.55793304832779
1999-03-21,42.412400000000005,-0.04575999999999425,42.43046431658994
1999-03-28,42.3953,-0.017100000000006332,42.40651726246336
1999-04-04,42.4304,0.03509999999999991,42.386429849726525
1999-04-11,42.58784,0.15744000000000113,42.444735942304185
1999-04-18,42.750175,0.16233499999999879,42.63140572396956
1999-04-25,42.76616,0.015985000000000582,42.79491437026753
1999-05-02,42.86273333333333,0.09657333333333185,42.766175738319546
1999-05-09,42.747859999999996,-0.11487333333333538,42.895029681673996
1999-05-16,42.742,-0.005859999999998422,42.70563539470578
1999-05-23,42.742,0.0,42.751534333150786
1999-05-30,42.838139999999996,0.09613999999999834,42.73386022847082
1999-06-06,42.90414,0.0660000000000025,42.87358015805087
1999-06-13,43.0241,0.11995999999999896,42.914748616904184
1999-06-20,43.163740000000004,0.1396400000000071,43.064421060565316
1999-06-27,43.263600000000004,0.09985999999999962,43.19738616709149
1999-07-04,43.367779999999996,0.10417999999999239,43.293527421923336
1999-07-11,43.320100000000004,-0.04767999999999262,43.394816670946575
1999-07-18,43.24586,-0.07424000000000319,43.30366020391637
1999-07-25,43.24028,-0.005580000000001917,43.22707110353452
1999-08-01,43.30202,0.06174000000000035,43.23955469320123
1999-08-08,43.3821,0.08008000000000237,43.32044192511203
1999-08-15,43.482060000000004,0.09996000000000294,43.40366304942349
1999-08-22,43.456,-0.026060000000001082,43.510573217250254
1999-08-29,43.51384,0.05783999999999878,43.44432265058931
1999-09-05,43.49416,-0.01968000000000103,43.53564328411125
1999-09-12,43.512775,0.01861499999999694,43.48204128311446
1999-09-19,43.527924999999996,0.015149999999998442,43.5240449360877
1999-09-26,43.56008,0.03215500000000304,43.52741582143505
1999-10-03,43.5844,0.024320000000003006,43.572942432629794
1999-10-10,43.55444,-0.02996000000000265,43.5878815428392
1999-10-17,43.4138,-0.14063999999999766,43.54696079673836
1999-10-24,43.404675,-0.00912500000000449,43.37115488584252
1999-10-31,43.396,-0.008674999999996658,43.409001822052545
1999-11-07,43.40806,0.012059999999998183,43.38852082858621
1999-11-14,43.40403333333333,-0.004026666666668177,43.41579928247077
1999-11-21,43.38998,-0.014053333333329476,43.399148401834594
1999-11-28,43.387725,-0.0022549999999981196,43.38862329090998
1999-12-05,43.40654,0.018814999999996473,43.3855807253202
1999-12-12,43.456,0.04946000000000339,43.413491052354466
1999-12-19,43.51838,0.06237999999999744,43.469228253232984
1999-12-26,43.50362,-0.014760000000002549,43.53625360802941
2000-01-02,43.511875,0.008255000000005452,43.49673219093078
2000-01-09,43.5059,-0.005975000000006503,43.51694254508352
2000-01-16,43.525600000000004,0.01970000000000738,43.50174450968702
2000-01-23,43.55972,0.03411999999999438,43.533668321886076
2000-01-30,43.60245,0.042729999999998824,43.56758420367304
2000-02-06,43.60758,0.005130000000001189,43.615628314122894
2000-02-13,43.61974,0.012160000000001503,43.60682030055912
2000-02-20,43.61556,-0.004179999999998074,43.624921947633396
2000-02-27,43.61138,-0.00418000000000518,43.61255311241404
2000-03-05,43.59998,-0.011399999999994748,43.61161182812999
2000-03-12,43.57566,-0.024320000000003006,43.595590708165496
2000-03-19,43.582975,0.007314999999998406,43.56950281917944
2000-03-26,43.58725,0.004274999999999807,43.585532064064324
2000-04-02,43.60568,0.018430000000002167,43.58793308020228
2000-04-09,43.62525,0.01957000000000164,43.61155116504331
2000-04-16,43.631924999999995,0.006674999999994213,43.63008513140341
2000-04-23,43.64334,0.011415000000006614,43.63379375189416
2000-04-30,43.65594,0.012599999999999056,43.6466052408175
2000-05-07,43.64955,-0.006390000000003226,43.65935788068485
2000-05-14,43.78014,0.1305900000000051,43.64726092797921
2000-05-21,43.987,0.20685999999999893,43.82061863715216
2000-05-28,44.12576,0.13875999999999777,44.04292958252158
2000-06-04,44.565999999999995,0.44023999999999575,44.162752706176406
2000-06-11,44.712,0.1460000000000079,44.69725787151028
2000-06-18,44.755,0.04299999999999926,44.73599598137602
2000-06-25,44.674,-0.08100000000000307,44.77587152149067
2000-07-02,44.668,-0.006000000000000227,44.64123850647713
2000-07-09,44.696,0.027999999999998693,44.676380703548425
2000-07-16,44.6975,0.0015000000000000568,44.69724962882246
2000-07-23,44.814,0.11650000000000205,44.70194204649197
2000-07-30,44.864,0.04999999999999716,44.846539319796555
2000-08-06,45.258,0.39400000000000546,44.875458891610684
2000-08-13,45.708,0.44999999999999574,45.37859288906983
2000-08-20,45.765,0.05700000000000216,45.824699425035654
2000-08-27,45.8225,0.05749999999999744,45.774379435640945
2000-09-03,45.815,-0.007500000000000284,45.84307715492262
2000-09-10,45.686,-0.12899999999999778,45.80745687446577
2000-09-17,45.662,-0.02400000000000091,45.6509015973773
2000-09-24,46.098333333333336,0.43633333333333724,45.65819777775508
2000-10-01,46.1125,0.014166666666660888,46.2302487277378
2000-10-08,46.08,-0.03249999999999886,46.09504664122376
2000-10-15,46.244,0.16400000000000148,46.08557610025569
2000-10-22,46.336,0.09199999999999875,46.28423481882652
2000-10-29,46.5175,0.18149999999999977,46.36288908881076
2000-11-05,46.779999999999994,0.26249999999999574,46.56904287571236
2000-11-12,46.69,-0.0899999999999963,46.85361277290732
2000-11-19,46.792,0.10200000000000387,46.653689878646894
2000-11-26,46.815999999999995,0.023999999999993804,46.834439626195554
2000-12-03,46.866,0.05000000000000426,46.80958668167834
2000-12-10,46.78,-0.08599999999999852,46.89027102390378
2000-12-17,46.766000000000005,-0.013999999999995794,46.74440460003204
2000-12-24,46.71,-0.05600000000000449,46.77317260268405
2000-12-31,46.71,0.0,46.68508542545801
2001-01-07,46.706,-0.003999999999997783,46.71875030102328
2001-01-14,46.64,-0.0660000000000025,46.6982518537923
2001-01-21,46.458,-0.18200000000000216,46.62491452208373
2001-01-28,46.3925,-0.06550000000000011,46.40206563024125
2001-02-04,46.444,0.05150000000000432,46.38225522507985
2001-02-11,46.414,-0.030000000000001137,46.45587376702507
2001-02-18,46.552,0.13799999999999812,46.405021295599646
2001-02-25,46.596666666666664,0.04466666666666441,46.59558649010529
2001-03-04,46.602,0.005333333333332746,46.60203168488728
2001-03-11,46.5375,-0.06449999999999534,46.60746979109203
2001-03-18,46.634,0.09649999999999892,46.51465306835766
2001-03-25,46.688,0.054000000000002046,46.66919516795713
2001-04-01,46.6375,-0.050499999999999545,46.69518872401636
2001-04-08,46.635000000000005,-0.0024999999999977263,46.626192001870194
2001-04-15,46.644999999999996,0.009999999999990905,46.6338040511033
2001-04-22,46.892,0.247000000000007,46.64850790457089
2001-04-29,46.839999999999996,-0.05200000000000671,46.96659408636526
2001-05-06,46.8375,-0.0024999999999977263,46.811845147109935
2001-05-13,46.84,0.0025000000000048317,46.84860553591688
2001-05-20,46.94199999999999,0.10199999999998965,46.832041994506554
2001-05-27,46.980000000000004,0.038000000000010914,46.97953364551591
2001-06-03,46.982,0.001999999999995339,46.98152247854361
2001-06-10,46.99,0.008000000000002672,46.988146942356245
2001-06-17,47.012,0.021999999999998465,46.98821045488349
2001-06-24,46.986000000000004,-0.02599999999999625,47.02145987562255
2001-07-01,47.018,0.031999999999996476,46.97486440520406
2001-07-08,47.122,0.1039999999999992,47.03151603816164
2001-07-15,47.162,0.03999999999999915,47.14930787535886
2001-07-22,47.138,-0.02400000000000091,47.172111229901034
2001-07-29,47.142,0.0040000000000048885,47.13014975103312
2001-08-05,47.13,-0.012000000000000455,47.14486329840592
2001-08-12,47.126,-0.0040000000000048885,47.12490092018997
2001-08-19,47.1225,-0.0034999999999953957,47.12647430808062
2001-08-26,47.123333333333335,0.0008333333333325754,47.12037479109544
2001-09-02,47.14,0.01666666666666572,47.12455846304994
2001-09-09,47.166,0.02599999999999625,47.144323981792674
2001-09-16,47.480000000000004,0.31400000000000716,47.173643748533195
2001-09-23,48.04600000000001,0.5660000000000025,47.57478598265119
2001-09-30,47.892,-0.15400000000000347,48.203337912014355
2001-10-07,47.96,0.06799999999999784,47.82697846145063
2001-10-14,48.092,0.1319999999999979,48.00223071177191
2001-10-21,48.018,-0.07399999999999807,48.112765626952324
2001-10-28,48.0275,0.009500000000002728,48.003081182031565
2001-11-04,47.983999999999995,-0.043500000000008754,48.028537130708976
2001-11-11,47.994,0.010000000000005116,47.971605765010366
2001-11-18,48.01,0.015999999999998238,47.99866171077613
2001-11-25,47.994,-0.015999999999998238,48.01316657946094
2001-12-02,47.9975,0.003500000000002501,47.98955956878865
2001-12-09,47.906,-0.09150000000000347,47.99907194489896
2001-12-16,47.839999999999996,-0.0660000000000025,47.877490229117896
2001-12-23,47.8025,-0.037499999999994316,47.82503713847756
2001-12-30,48.1025,0.29999999999999716,47.79061671996631
2002-01-06,48.256,0.15350000000000108,48.1964245835256
2002-01-13,48.321999999999996,0.0659999999999954,48.28551001145757
2002-01-20,48.238,-0.08399999999999608,48.347101898462775
2002-01-27,48.3,0.06199999999999761,48.20520492443956
2002-02-03,48.476,0.17600000000000193,48.328652014436365
2002-02-10,48.664,0.1880000000000024,48.5192809166891
2002-02-17,48.704,0.03999999999999915,48.72005054243167
2002-02-24,48.660000000000004,-0.04399999999999693,48.707421661453175
2002-03-03,48.782,0.12199999999999278,48.65102931505342
2002-03-10,48.714,-0.06799999999999784,48.818234840725275
2002-03-17,48.7275,0.013500000000000512,48.68762108686939
2002-03-24,48.738,0.010500000000000398,48.73935970475779
2002-03-31,48.79666666666666,0.058666666666660205,48.73473243632754
2002-04-07,48.8525,0.0558333333333394,48.818868906843505
2002-04-14,48.903999999999996,0.051499999999997215,48.86329703354726
2002-04-21,48.92,0.016000000000005343,48.921482138352246
2002-04-28,48.9775,0.05749999999999744,48.92089071957197
2002-05-05,48.9725,-0.005000000000002558,48.99721009169388
2002-05-12,48.97,-0.0024999999999977263,48.966367265066836
2002-05-19,49.025999999999996,0.055999999999997385,48.97293241910773
2002-05-26,49.016,-0.00999999999999801,49.04048115440884
2002-06-02,49.0,-0.015999999999998238,49.01197637429871
2002-06-09,49.03,0.030000000000001137,48.996357519708795
2002-06-16,48.998000000000005,-0.031999999999996476,49.03907215662669
2002-06-23,48.956,-0.04200000000000159,48.986725189777026
2002-06-30,48.882,-0.07400000000000517,48.945960609089596
2002-07-07,48.818,-0.06400000000000006,48.859508037740675
2002-07-14,48.8,-0.018000000000000682,48.802232257233854
2002-07-21,48.79,-0.00999999999999801,48.79502510404149
2002-07-28,48.684000000000005,-0.10599999999999454,48.78749538895546
2002-08-04,48.686,0.001999999999995339,48.65173097443906
2002-08-11,48.668,-0.018000000000000682,48.69206815526539
2002-08-18,48.605,-0.06300000000000239,48.65832661398664
2002-08-25,48.54600000000001,-0.05899999999999039,48.589808958359995
2002-09-01,48.501999999999995,-0.04400000000001114,48.52824567717837
2002-09-08,48.480000000000004,-0.02199999999999136,48.49144197195686
2002-09-15,48.472500000000004,-0.007500000000000284,48.47342892551004
2002-09-22,48.418,-0.054500000000004434,48.471247312315846
2002-09-29,48.402,-0.015999999999998238,48.40096863216072
2002-10-06,48.35999999999999,-0.0420000000000087,48.40024638815493
2002-10-13,48.348,-0.01199999999999335,48.345668489300444
2002-10-20,48.3675,0.01950000000000074,48.34764926679732
2002-10-27,48.38,0.012500000000002842,48.37161175544869
2002-11-03,48.396,0.015999999999998238,48.38417542379149
2002-11-10,48.307500000000005,-0.08849999999999625,48.39996817825914
2002-11-17,48.266000000000005,-0.041499999999999204,48.28031407374754
2002-11-24,48.205,-0.06100000000000705,48.25806085089336
2002-12-01,48.226,0.021000000000000796,48.18500070531711
2002-12-08,48.258,0.03200000000000358,48.23662170731291
2002-12-15,48.2,-0.05799999999999983,48.26354042805953
2002-12-22,48.12,-0.0800000000000054,48.18376777494551
2002-12-29,48.015,-0.10499999999999687,48.09748486665852
2003-01-05,48.001999999999995,-0.01300000000000523,47.98567127456254
2003-01-12,47.980000000000004,-0.02199999999999136,48.00146849577325
2003-01-19,47.938,-0.04200000000000159,47.971393398701174
2003-01-26,47.91,-0.028000000000005798,47.92772623995831
2003-02-02,47.858,-0.0519999999999996,47.9017351330405
2003-02-09,47.754,-0.1039999999999992,47.84336312705795
2003-02-16,47.7625,0.008500000000005059,47.72401676886185
2003-02-23,47.730000000000004,-0.03249999999999886,47.76920012997298
2003-03-02,47.702,-0.028000000000005798,47.71656691602695
2003-03-09,47.65,-0.0519999999999996,47.69775931039703
2003-03-16,47.6575,0.007500000000000284,47.63236178848952
2003-03-23,47.705,0.04749999999999943,47.663816791974526
2003-03-30,47.596,-0.10900000000000176,47.71611603113242
2003-04-06,47.43666666666667,-0.1593333333333291,47.56275088243074
2003-04-13,47.42,-0.01666666666666572,47.393654238795584
2003-04-20,47.364999999999995,-0.05500000000000682,47.419015011576086
2003-04-27,47.348,-0.016999999999995907,47.34600688482158
2003-05-04,47.36,0.012000000000000455,47.34731624421608
2003-05-11,47.275999999999996,-0.08400000000000318,47.36119117119627
2003-05-18,47.156666666666666,-0.11933333333332996,47.25155765986802
2003-05-25,46.922,-0.23466666666666924,47.123694428358185
2003-06-01,46.952,0.030000000000001137,46.85395371304728
2003-06-08,46.96,0.008000000000002672,46.97071597050541
2003-06-15,46.763999999999996,-0.19600000000000506,46.95375196505113
2003-06-22,46.594,-0.1699999999999946,46.710189469666794
2003-06-29,46.565999999999995,-0.028000000000005798,46.54779014420519
2003-07-06,46.42999999999999,-0.13600000000000279,46.56206488282539
2003-07-13,46.242000000000004,-0.18799999999998818,46.38647316897473
2003-07-20,46.174,-0.06800000000000495,46.19315547539967
2003-07-27,46.202,0.027999999999998693,46.15665032685173
2003-08-03,46.134,-0.06799999999999784,46.21155498554753
2003-08-10,46.072,-0.06199999999999761,46.11101650321432
2003-08-17,45.93,-0.142000000000003,46.058263217436966
2003-08-24,45.844,-0.08599999999999852,45.8859813865082
2003-08-31,45.85,0.006000000000000227,45.825628308802926
2003-09-07,45.888,0.0379999999999967,45.850436396464445
2003-09-14,45.786,-0.10199999999999676,45.90033633406022
2003-09-21,45.914,0.1280000000000001,45.75231127149754
2003-09-28,45.814,-0.10000000000000142,45.96032034153761
2003-10-05,45.663333333333334,-0.15066666666666606,45.771376932559576
2003-10-12,45.356,-0.30733333333333235,45.63153986776594
2003-10-19,45.458000000000006,0.10200000000000387,45.25937495429681
2003-10-26,45.338,-0.12000000000000455,45.50726792977432
2003-11-02,45.338,0.0,45.28250415320599
2003-11-09,45.318,-0.020000000000003126,45.35832245433226
2003-11-16,45.324,0.006000000000000227,45.29673327855653
2003-11-23,45.608,0.2839999999999989,45.33818289088655
2003-11-30,45.9075,0.2995000000000019,45.68523307083193
2003-12-07,45.67,-0.23749999999999716,45.99125070984453
2003-12-14,45.55,-0.12000000000000455,45.58756565380517
2003-12-21,45.540000000000006,-0.009999999999990905,45.53312682705116
2003-12-28,45.572500000000005,0.03249999999999886,45.528461789229254
2004-01-04,45.622,0.04949999999999477,45.58927810557444
2004-01-11,45.582,-0.03999999999999915,45.630313804691504
2004-01-18,45.428,-0.15400000000000347,45.572270432751765
2004-01-25,45.396,-0.031999999999996476,45.381189316793005
2004-02-01,45.34,-0.055999999999997385,45.39410010041755
2004-02-08,45.29,-0.05000000000000426,45.31869176532731
2004-02-15,45.257999999999996,-0.03200000000000358,45.28078636137667
2004-02-22,45.2725,0.014500000000005286,45.24631800576688
2004-02-29,45.269999999999996,-0.0025000000000048317,45.28002418375841
2004-03-07,45.2725,0.0025000000000048317,45.26617024727702
2004-03-14,45.242000000000004,-0.03049999999999642,45.27568113024886
2004-03-21,45.236000000000004,-0.006000000000000227,45.230749057832384
2004-03-28,44.864,-0.372000000000007,45.23720360495797
2004-04-04,43.76,-1.1039999999999992,44.748408616787316
2004-04-11,43.6575,-0.10249999999999915,43.44364575441536
2004-04-18,43.8,0.1424999999999983,43.668309241823515
2004-04-25,44.012,0.2120000000000033,43.81747431669862
2004-05-02,44.285,0.27299999999999613,44.08874798997502
2004-05-09,44.7825,0.4975000000000023,44.348376456222404
2004-05-16,45.254000000000005,0.471500000000006,44.935140096653654
2004-05-23,45.458,0.20399999999999352,45.37153668513362
2004-05-30,45.382,-0.07600000000000051,45.515435888843854
2004-06-06,45.386,0.0040000000000048885,45.35176125046153
2004-06-13,45.05800000000001,-0.32799999999999585,45.39643184707285
2004-06-20,45.42,0.36199999999999477,44.95072292746799
2004-06-27,45.962,0.5420000000000016,45.55301017126642
2004-07-04,45.924,-0.03800000000000381,46.091924791939704
2004-07-11,45.833999999999996,-0.09000000000000341,45.910646557045155
2004-07-18,45.944,0.11000000000000654,45.80979425146342
2004-07-25,46.1,0.1559999999999988,45.97985574047718
2004-08-01,46.346000000000004,0.24600000000000222,46.140225621985614
2004-08-08,46.358,0.01199999999999335,46.41853607140454
2004-08-15,46.344,-0.013999999999995794,46.350755525535504
2004-08-22,46.3675,0.023499999999998522,46.34723311845527
2004-08-29,46.306,-0.06150000000000233,46.36980963191764
2004-09-05,46.336,0.030000000000001137,46.289615887932314
2004-09-12,46.32,-0.015999999999998238,46.346586987673795
2004-09-19,45.965999999999994,-0.3540000000000063,46.31248314379445
2004-09-26,45.894,-0.07199999999999562,45.86065564145067
2004-10-03,46.019999999999996,0.12599999999999767,45.88842364306061
2004-10-10,45.872,-0.14799999999999613,46.05000937353311
2004-10-17,45.8375,-0.03450000000000131,45.82652769018415
2004-10-24,45.805,-0.03249999999999886,45.83489158541057
2004-10-31,45.608,-0.19700000000000273,45.79096017228805
2004-11-07,45.339999999999996,-0.2680000000000007,45.552584920385975
2004-11-14,45.14,-0.19999999999999574,45.264873793175134
2004-11-21,45.05,-0.09000000000000341,45.08788270669699
2004-11-28,45.057500000000005,0.00750000000000739,45.02626379876204
2004-12-05,44.53,-0.5275000000000034,45.061693357043715
2004-12-12,44.058,-0.4720000000000013,44.36704603835973
2004-12-19,44.098,0.03999999999999915,43.94273597122246
2004-12-26,43.838,-0.259999999999998,44.113319589691656
2005-01-02,43.730000000000004,-0.10799999999999699,43.75417082662088
2005-01-09,43.702,-0.028000000000005798,43.71388272557013
2005-01-16,43.822,0.12000000000000455,43.68650607776685
2005-01-23,43.745000000000005,-0.07699999999999818,43.86529811863144
2005-01-30,43.7725,0.027499999999996305,43.710252613441035
2005-02-06,43.558,-0.21450000000000102,43.79329783397845
2005-02-13,43.654,0.09600000000000364,43.4817899953319
2005-02-20,43.775999999999996,0.12199999999999278,43.70250724421813
2005-02-27,43.730000000000004,-0.04599999999999227,43.79394540079898
2005-03-06,43.684000000000005,-0.045999999999999375,43.723982501479874
2005-03-13,43.629999999999995,-0.05400000000000915,43.66635971434523
2005-03-20,43.602,-0.027999999999998693,43.61858442064554
2005-03-27,43.7525,0.15050000000000097,43.59247994975888
2005-04-03,43.792500000000004,0.04000000000000625,43.80065992950801
2005-04-10,43.768,-0.024500000000003297,43.79522299521407
2005-04-17,43.755,-0.012999999999998124,43.76550735073272
2005-04-24,43.75666666666666,0.0016666666666580454,43.74858643532813
2005-05-01,43.694,-0.06266666666665799,43.75967686734198
2005-05-08,43.512,-0.18200000000000216,43.67290381254466
2005-05-15,43.412,-0.10000000000000142,43.46113379474384
2005-05-22,43.486000000000004,0.07400000000000517,43.38743603069081
2005-05-29,43.510000000000005,0.02400000000000091,43.50936980948385
2005-06-05,43.674,0.16399999999999437,43.51289363262695
2005-06-12,43.554,-0.11999999999999744,43.7261549089024
2005-06-19,43.626,0.07199999999999562,43.50723601032179
2005-06-26,43.548,-0.07799999999999585,43.6618049018837
2005-07-03,43.528,-0.020000000000003126,43.51010863915164
2005-07-10,43.594,0.0660000000000025,43.536456604838776
2005-07-17,43.532000000000004,-0.06199999999999761,43.60434352558999
2005-07-24,43.507999999999996,-0.024000000000008015,43.51693277526881
2005-07-31,43.50333333333333,-0.0046666666666652645,43.50102086121926
2005-08-07,43.486000000000004,-0.017333333333326095,43.502899400444136
2005-08-14,43.562,0.0759999999999934,43.48020926611602
2005-08-21,43.555,-0.006999999999997897,43.58649259094651
2005-08-28,43.694,0.1390000000000029,43.54793733680451
2005-09-04,43.982,0.2879999999999967,43.74050094010634
2005-09-11,43.8175,-0.16449999999999676,44.059701521317685
2005-09-18,43.886,0.06850000000000023,43.75985868336686
2005-09-25,43.912,0.02599999999999625,43.921035653511574
2005-10-02,44.0,0.08800000000000097,43.90583829645079
2005-10-09,44.222,0.2220000000000013,44.03604291223002
2005-10-16,44.835,0.6129999999999995,44.2783855804278
2005-10-23,45.108000000000004,0.27300000000000324,45.01918373595739
2005-10-30,45.07,-0.03800000000000381,45.16164966662595
2005-11-06,45.2425,0.17249999999999943,45.06630753410256
2005-11-13,45.80800000000001,0.5655000000000072,45.291278573494836
2005-11-20,45.75,-0.058000000000006935,45.97465624268401
2005-11-27,45.774,0.02400000000000091,45.70726735180315
2005-12-04,45.982,0.2079999999999984,45.80301999712109
2005-12-11,46.236000000000004,0.2540000000000049,46.02811049810705
2005-12-18,45.79600000000001,-0.4399999999999977,46.31572024272894
2005-12-25,45.224000000000004,-0.5720000000000027,45.64672281306261
2006-01-01,45.162,-0.06200000000000472,45.08334895369516
2006-01-08,44.836,-0.3260000000000005,45.147537941846124
2006-01-15,44.2675,-0.5685000000000002,44.736313130087986
2006-01-22,44.342,0.07450000000000045,44.11094680585044
2006-01-29,44.2,-0.1419999999999959,44.38171132777877
2006-02-05,44.18,-0.020000000000003126,44.1400830144733
2006-02-12,44.22,0.03999999999999915,44.19364772849479
2006-02-19,44.302,0.08200000000000074,44.21852924500933
2006-02-26,44.47,0.16799999999999926,44.335169282637935
2006-03-05,44.382,-0.08800000000000097,44.51097924436981
2006-03-12,44.424,0.04200000000000159,44.354048889840556
2006-03-19,44.457499999999996,0.03349999999999653,44.44222730113131
2006-03-26,44.5,0.04250000000000398,44.46151307023983
2006-04-02,44.655,0.15500000000000114,44.51587148001545
2006-04-09,44.635,-0.020000000000003126,44.69797427894106
2006-04-16,44.99,0.355000000000004,44.62405155238009
2006-04-23,45.136,0.1460000000000008,45.10310141073232
2006-04-30,44.989999999999995,-0.1460000000000079,45.15857237457753
2006-05-07,44.9025,-0.08749999999999147,44.954196675530284
2006-05-14,44.977999999999994,0.07549999999999102,44.87684063971636
2006-05-21,45.456,0.47800000000000864,45.00483957340339
2006-05-28,45.726,0.269999999999996,45.595259195565276
2006-06-04,46.196,0.46999999999999886,45.788537827043825
2006-06-11,45.93,-0.26599999999999824,46.340338043517605
2006-06-18,45.946,0.015999999999998238,45.82360556195562
2006-06-25,45.986000000000004,0.04000000000000625,45.983539213015824
2006-07-02,46.304,0.31799999999999784,45.97303068756387
2006-07-09,46.058,-0.24600000000000222,46.41783960386298
2006-07-16,46.239999999999995,0.18199999999999505,45.953775892242746
2006-07-23,46.757999999999996,0.5180000000000007,46.33014228863095
2006-07-30,46.758,7.105427357601002e-15,46.88096342898047
2006-08-06,46.596,-0.16200000000000614,46.7572333806799
2006-08-13,46.512,-0.08399999999999608,46.54708324240765
2006-08-20,46.5125,0.0005000000000023874,46.494381140256436
2006-08-27,46.528000000000006,0.015500000000002956,46.51104587925639
2006-09-03,46.534000000000006,0.006000000000000227,46.53390731752677
2006-09-10,46.234,-0.30000000000000426,46.53414833436916
2006-09-17,46.222,-0.012000000000000455,46.143297347159375
2006-09-24,46.019999999999996,-0.2020000000000053,46.233313073062945
2006-10-01,45.926,-0.09399999999999409,45.94774771552065
2006-10-08,45.7125,-0.21350000000000335,45.91570794178597
2006-10-15,45.662,-0.050499999999999545,45.638451976097485
2006-10-22,45.342,-0.3200000000000003,45.66431683692484
2006-10-29,45.306666666666665,-0.03533333333333388,45.233650891754756
2006-11-05,44.962,-0.34466666666666157,45.32050165509207
2006-11-12,44.694,-0.2680000000000007,44.840187797378356
2006-11-19,45.116,0.42199999999999704,44.642469405298584
2006-11-26,44.834,-0.2819999999999965,45.23629595955003
2006-12-03,44.692,-0.142000000000003,44.73222190263702
2006-12-10,44.602,-0.09000000000000341,44.6750205960787
2006-12-17,44.762,0.1600000000000037,44.56223980787568
2006-12-24,44.736000000000004,-0.02599999999999625,44.824730893853385
2006-12-31,44.379999999999995,-0.35600000000000875,44.70936146099255
2007-01-07,44.3125,-0.06749999999999545,44.28655047986251
2007-01-14,44.518,0.20550000000000068,44.29907570678115
2007-01-21,44.298,-0.21999999999999886,44.578938650990445
2007-01-28,44.2225,-0.07550000000000523,44.2214223471064
2007-02-04,44.18333333333334,-0.039166666666659467,44.21792520998875
2007-02-11,44.102,-0.08133333333334036,44.16152534243865
2007-02-18,44.15,0.04800000000000182,44.08654258637663
2007-02-25,44.198,0.04800000000000182,44.16191251273508
2007-03-04,44.246,0.04800000000000182,44.21220572700311
2007-03-11,44.452,0.20599999999999596,44.25849538677242
2007-03-18,44.227999999999994,-0.22400000000000375,44.51403758788569
2007-03-25,43.7425,-0.4854999999999947,44.149468574496765
2007-04-01,43.3975,-0.34499999999999886,43.613431394511366
2007-04-08,43.06,-0.3374999999999986,43.30313366750911
2007-04-15,42.842,-0.21800000000000352,42.96670983599763
2007-04-22,42.012,-0.8299999999999983,42.78572936256569
2007-04-29,41.226,-0.7860000000000014,41.762142615717416
2007-05-06,41.123333333333335,-0.10266666666666424,41.026520182478144
2007-05-13,40.92,-0.20333333333333314,41.102753338776125
2007-05-20,40.876,-0.044000000000004036,40.85520918886568
2007-05-27,40.592,-0.2839999999999989,40.8751831248424
2007-06-03,40.577999999999996,-0.014000000000002899,40.49812672096983
2007-06-10,40.638,0.060000000000002274,40.59387588438948
2007-06-17,40.876,0.23799999999999955,40.642030512459556
2007-06-24,40.748000000000005,-0.127999999999993,40.956233209590955
2007-07-01,40.872,0.12399999999999523,40.69084241424708
2007-07-08,40.53,-0.34199999999999875,40.93003740557928
2007-07-15,40.410000000000004,-0.11999999999999744,40.40400847421492
2007-07-22,40.37,-0.04000000000000625,40.40726636640289
2007-07-29,40.326,-0.04399999999999693,40.33875160324573
2007-08-05,40.464,0.13799999999999812,40.32884195039337
2007-08-12,40.494,0.030000000000001137,40.49631241824436
2007-08-19,40.9775,0.4834999999999994,40.50329307866992
2007-08-26,41.0275,0.05000000000000426,41.12353778717171
2007-09-02,41.068,0.04049999999999443,41.01874114593287
2007-09-09,40.858,-0.21000000000000085,41.09568297760319
2007-09-16,40.518,-0.3399999999999963,40.78031190088886
2007-09-23,40.22,-0.2980000000000018,40.435208357178496
2007-09-30,39.763999999999996,-0.45600000000000307,40.13102159641332
2007-10-07,39.6425,-0.1214999999999975,39.63874300218292
2007-10-14,39.392,-0.2504999999999953,39.618745874965974
2007-10-21,39.512,0.11999999999999744,39.31186136634865
2007-10-28,39.62,0.10799999999999699,39.56444860571968
2007-11-04,39.358,-0.26200000000000045,39.63494260761319
2007-11-11,39.305,-0.05299999999999727,39.28577945470911
2007-11-18,39.336,0.030999999999998806,39.29667523031703
2007-11-25,39.4,0.06400000000000006,39.34237390462658
2007-12-02,39.730000000000004,0.3300000000000054,39.42023971509754
2007-12-09,39.464,-0.26600000000000534,39.82695080885236
2007-12-16,39.364,-0.10000000000000142,39.36836909337929
2007-12-23,39.515,0.15100000000000335,39.35807525870984
2007-12-30,39.4375,-0.07750000000000057,39.54799049968916
2008-01-06,39.406,-0.031500000000001194,39.41573008910271
2008-01-13,39.284000000000006,-0.12199999999999278,39.39900750688668
2008-01-20,39.278000000000006,-0.006000000000000227,39.24641574899427
2008-01-27,39.5,0.2219999999999942,39.28277947084355
2008-02-03,39.410000000000004,-0.0899999999999963,39.56319955735075
2008-02-10,39.488,0.07799999999999585,39.37434594095764
2008-02-17,39.674,0.18599999999999994,39.522618684474196
2008-02-24,39.946,0.27199999999999847,39.718694705812325
2008-03-02,39.884,-0.06199999999999761,40.028412468437416
2008-03-09,40.3425,0.4585000000000008,39.851348272844014
2008-03-16,40.477999999999994,0.1354999999999933,40.496032222678764
2008-03-23,40.61333333333334,0.1353333333333424,40.485381408774415
2008-03-30,40.17,-0.44333333333333513,40.672959431902406
2008-04-06,39.9675,-0.20250000000000057,40.01385754000647
2008-04-13,39.972,0.0045000000000001705,39.94426063925952
2008-04-20,39.96,-0.012000000000000455,39.955155260000105
2008-04-27,40.0,0.03999999999999915,39.9696874823302
2008-05-04,40.3675,0.3674999999999997,40.00288742366838
2008-05-11,41.122,0.7545000000000002,40.48463472112108
2008-05-18,42.242,1.1199999999999974,41.32964623423848
2008-05-25,42.845,0.6030000000000015,42.56173873573384
2008-06-01,42.732000000000006,-0.11299999999999244,42.98737065501642
2008-06-08,42.61,-0.12200000000000699,42.69716222581675
2008-06-15,42.87,0.259999999999998,42.578874936102366
2008-06-22,42.924,0.054000000000002046,42.9512209695065
2008-06-29,42.85,-0.07399999999999807,42.925566368062725
2008-07-06,43.214,0.3639999999999972,42.835706413932705
2008-07-13,43.1,-0.11399999999999721,43.322865145076186
2008-07-20,42.976,-0.12400000000000233,43.04788595706869
2008-07-27,42.388,-0.588000000000001,42.956973502484956
2008-08-03,42.434,0.045999999999999375,42.20079537398083
2008-08-10,42.154,-0.27999999999999403,42.48444214563897
2008-08-17,42.4725,0.3184999999999931,42.038919186772176
2008-08-24,43.4775,1.0050000000000026,42.60646895401452
2008-08-31,43.779999999999994,0.3024999999999949,43.740512039410326
2008-09-07,44.3225,0.542500000000004,43.85269078100073
2008-09-14,45.096,0.7734999999999985,44.48711921088366
2008-09-21,46.388,1.2920000000000016,45.304759159153484
2008-09-28,45.926,-0.4619999999999962,46.76278779545452
2008-10-05,46.92666666666667,1.0006666666666675,45.73216960332392
2008-10-12,48.2325,1.3058333333333323,47.295807772604746
2008-10-19,48.364,0.1314999999999955,48.53177910646634
2008-10-26,49.465,1.1010000000000062,48.410219819308374
2008-11-02,49.70333333333334,0.23833333333333684,49.78995351716087
2008-11-09,48.038,-1.6653333333333435,49.72707883644612
2008-11-16,48.29,0.25200000000000244,47.553399146476764
2008-11-23,49.792,1.5020000000000024,48.43603576435651
2008-11-30,49.9375,0.1454999999999984,50.1861631045359
2008-12-07,49.998000000000005,0.06050000000000466,49.95166963620442
2008-12-14,48.8925,-1.1055000000000064,50.031458471013366
2008-12-21,47.489999999999995,-1.4025000000000034,48.540454132442626
2008-12-28,48.19,0.7000000000000028,47.130035535243294
2009-01-04,48.666,0.4759999999999991,48.42608016699641
2009-01-11,48.644999999999996,-0.021000000000000796,48.758231496154416
2009-01-18,48.812,0.1670000000000016,48.653365156394344
2009-01-25,48.958,0.1460000000000008,48.85309012056435
2009-02-01,48.91,-0.04800000000000182,49.00127405186835
2009-02-08,48.802,-0.10799999999999699,48.88869431504685
2009-02-15,48.712,-0.0899999999999963,48.77647086834345
2009-02-22,49.394999999999996,0.6829999999999927,48.68458563947426
2009-03-01,50.2125,0.8175000000000026,49.60829154632938
2009-03-08,51.782,1.569499999999998,50.42306627512045
2009-03-15,51.723333333333336,-0.058666666666660205,52.247936875934165
2009-03-22,51.018,-0.7053333333333356,51.63345303780303
2009-03-29,50.55,-0.4680000000000035,50.85926674346436
2009-04-05,50.776666666666664,0.22666666666666657,50.40158864946099
2009-04-12,50.14666666666667,-0.6299999999999955,50.874434484064835
2009-04-19,49.735,-0.41166666666666885,49.92108824134385
2009-04-26,50.134,0.3990000000000009,49.66687843962029
2009-05-03,50.21333333333333,0.07933333333333081,50.234420926595035
2009-05-10,49.507999999999996,-0.7053333333333356,50.232722372465304
2009-05-17,49.507999999999996,0.0,49.29199876456807
2009-05-24,47.592,-1.9159999999999968,49.54526747550938
2009-05-31,47.528,-0.06400000000000006,46.97889622458194
2009-06-07,47.042,-0.4859999999999971,47.62933514985067
2009-06-14,47.414,0.3719999999999999,46.80671980694629
2009-06-21,47.96,0.5459999999999994,47.617793849113035
2009-06-28,48.574,0.6139999999999972,48.04011003215223
2009-07-05,47.988,-0.5859999999999985,48.797678021023934
2009-07-12,48.654,0.6660000000000039,47.749957978861055
2009-07-19,48.878,0.22399999999999665,48.93210967719185
2009-07-26,48.378,-0.5,48.85593340539897
2009-08-02,48.308,-0.07000000000000028,48.28104210645264
2009-08-09,47.70399999999999,-0.6040000000000063,48.27114724311965
2009-08-16,48.102,0.39800000000000324,47.53468343860727
2009-08-23,48.715,0.6130000000000067,48.24382232482198
2009-08-30,48.794,0.07899999999999352,48.8663622150989
2009-09-06,48.888,0.0940000000000012,48.81286479702852
2009-09-13,48.55,-0.33800000000000097,48.91651534641
2009-09-20,48.356,-0.1939999999999955,48.44198179416814
2009-09-27,48.0525,-0.30349999999999966,48.31795777850679
2009-10-04,47.95,-0.10249999999999915,47.95409864173946
2009-10-11,46.858,-1.0920000000000059,47.93879412815196
2009-10-18,46.23,-0.6280000000000001,46.51477290243573
2009-10-25,46.3975,0.16750000000000398,46.10242629849977
2009-11-01,47.007999999999996,0.6104999999999947,46.43356159880518
2009-11-08,47.03,0.02200000000000557,47.19700988665563
2009-11-15,46.536,-0.4939999999999998,47.00293462028431
2009-11-22,46.318,-0.21800000000000352,46.40913906937886
2009-11-29,46.502,0.1840000000000046,46.25929137846627
2009-12-06,46.334,-0.16799999999999926,46.56372242297438
2009-12-13,46.624,0.28999999999999915,46.26894834191263
2009-12-20,46.722,0.09799999999999898,46.73161286795247
2009-12-27,46.802499999999995,0.08049999999999358,46.72259087126057
2010-01-03,46.6875,-0.11499999999999488,46.843856221995125
2010-01-10,46.1,-0.5874999999999986,46.63565768696109
2010-01-17,45.518,-0.5820000000000007,45.93900311176825
2010-01-24,45.874,0.35600000000000165,45.35713910335678
2010-01-31,46.2875,0.4134999999999991,46.00054794189358
2010-02-07,46.256,-0.031500000000001194,46.38193631836184
2010-02-14,46.6275,0.3714999999999975,46.24854032629592
2010-02-21,46.254000000000005,-0.37349999999999284,46.74102088807166
2010-02-28,46.226,-0.028000000000005798,46.12045703740324
2010-03-07,45.88,-0.34599999999999653,46.251472717978004
2010-03-14,45.46,-0.4200000000000017,45.750388234219834
2010-03-21,45.489999999999995,0.02999999999999403,45.36761876452294
2010-03-28,45.505,0.015000000000007674,45.494327537273634
2010-04-04,45.053333333333335,-0.451666666666668,45.511621634432025
2010-04-11,44.528,-0.5253333333333359,44.91305096054721
2010-04-18,44.46,-0.06799999999999784,44.39284807418139
2010-04-25,44.522000000000006,0.06200000000000472,44.447796686295206
2010-05-02,44.477999999999994,-0.04400000000001114,44.538103173783256
2010-05-09,44.994,0.5160000000000053,44.46343354026914
2010-05-16,45.104,0.10999999999999943,45.15476929340184
2010-05-23,46.194,1.0900000000000034,45.10828894831495
2010-05-30,47.045,0.8509999999999991,46.54309169287064
2010-06-06,46.704,-0.3410000000000011,47.23597168969346
2010-06-13,47.001999999999995,0.2979999999999947,46.606803939247136
2010-06-20,46.458,-0.5439999999999969,47.105658115365436
2010-06-27,46.154,-0.30399999999999494,46.26682377017714
2010-07-04,46.528,0.3739999999999952,46.108209494892115
2010-07-11,46.833999999999996,0.3059999999999974,46.623031234451794
2010-07-18,46.766,-0.06799999999999784,46.92226288519704
2010-07-25,47.152,0.3860000000000028,46.73312118519792
2010-08-01,46.656,-0.4960000000000022,47.28250055810813
2010-08-08,46.176,-0.4799999999999969,46.47491696642336
2010-08-15,46.486000000000004,0.3100000000000023,46.07734354197571
2010-08-22,46.67,0.1839999999999975,46.57000957090859
2010-08-29,46.8,0.12999999999999545,46.71797782742216
2010-09-05,46.848,0.04800000000000182,46.83623387002296
2010-09-12,46.6125,-0.23550000000000182,46.858462558638976
2010-09-19,46.263999999999996,-0.34850000000000136,46.54118222665981
2010-09-26,45.6,-0.6639999999999944,46.169383665827915
2010-10-03,44.9425,-0.6574999999999989,45.406541058535346
2010-10-10,44.410000000000004,-0.5324999999999989,44.769355332609486
2010-10-17,44.35,-0.060000000000002274,44.26103116872987
2010-10-24,44.366,0.015999999999998238,44.34928736242153
2010-10-31,44.468,0.10200000000000387,44.36088534683598
2010-11-07,44.3825,-0.08550000000000324,44.505783128004666
2010-11-14,44.388,0.00549999999999784,44.346109046435586
2010-11-21,45.2675,0.8795000000000002,44.40181068213761
2010-11-28,45.588,0.32050000000000267,45.526839034985585
2010-12-05,45.602,0.013999999999995794,45.646895496417265
2010-12-12,45.04,-0.5619999999999976,45.6186196068934
2010-12-19,45.2425,0.20250000000000057,44.85838016195808
2010-12-26,45.204,-0.03849999999999909,45.3411499143704
2011-01-02,45.03,-0.1739999999999995,45.154215062122844
2011-01-09,45.078,0.04800000000000182,45.007217331862265
2011-01-16,45.269999999999996,0.19199999999999307,45.079106839764684
2011-01-23,45.556,0.28600000000000136,45.33625468341797
2011-01-30,45.605000000000004,0.049000000000006594,45.62766264052788
2011-02-06,45.732000000000006,0.12700000000000244,45.61673249609605
2011-02-13,45.53,-0.2020000000000053,45.77064884533855
2011-02-20,45.3775,-0.1525000000000034,45.46176353316988
2011-02-27,45.25,-0.12749999999999773,45.34634198269625
2011-03-06,45.0625,-0.1875,45.20751548382803
2011-03-13,45.1,0.03750000000000142,45.014523135876445
2011-03-20,45.186,0.08599999999999852,45.114319621867494
2011-03-27,44.88,-0.3059999999999974,45.2081754251541
2011-04-03,44.7175,-0.16250000000000142,44.78508126514446
2011-04-10,44.2275,-0.490000000000002,44.684928699434245
2011-04-17,44.4,0.17249999999999943,44.07357568938116
2011-04-24,44.4075,0.007500000000000284,44.481470006790836
2011-05-01,44.43,0.022500000000000853,44.37931363468998
2011-05-08,44.516000000000005,0.08600000000000563,44.45921228637402
2011-05-15,44.763999999999996,0.24799999999999045,44.52443460148422
2011-05-22,45.015,0.2510000000000048,44.84856806531268
2011-05-29,45.282,0.2669999999999959,45.07214371988203
2011-06-05,44.962,-0.3199999999999932,45.365011977506626
2011-06-12,44.702,-0.2600000000000051,44.84920826233457
2011-06-19,44.83,0.1280000000000001,44.650516188632686
2011-06-26,44.918,0.08800000000000097,44.86185308484021
2011-07-03,44.8791,-0.03889999999999816,44.94359812271281
2011-07-10,44.41698,-0.46211999999999875,44.8635746221213
2011-07-17,44.54006,0.12307999999999453,44.28055916013113
2011-07-24,44.4861,-0.053959999999996455,44.59827315625521
2011-07-31,44.18668,-0.2994199999999978,44.447807689960854
2011-08-07,44.37522,0.18853999999999616,44.114297693961426
2011-08-14,45.197520000000004,0.8223000000000056,44.434233002004476
2011-08-21,45.40966666666667,0.21214666666666915,45.43780767248417
2011-08-28,45.91762,0.5079533333333259,45.43962855989197
2011-09-04,45.92876666666667,0.011146666666668636,46.08769117227535
2011-09-11,46.12962,0.20085333333333466,45.89450712978712
2011-09-18,47.43716,1.307539999999996,46.2184862630938
2011-09-25,48.4796,1.0424399999999991,47.805577508492135
2011-10-02,49.15795,0.6783500000000018,48.75283243021401
2011-10-09,49.244075,0.08612500000000267,49.3444077304543
2011-10-16,49.08712,-0.1569550000000035,49.25041439265152
2011-10-23,49.3968,0.3096800000000002,49.04956511357465
2011-10-30,49.451766666666664,0.054966666666665276,49.49185610066133
2011-11-06,49.13202,-0.31974666666666707,49.452031807203966
2011-11-13,49.8135,0.6814800000000005,49.04379476839706
2011-11-20,50.725,0.9115000000000038,50.031346053954195
2011-11-27,52.187,1.4619999999999962,50.96061810555064
2011-12-04,51.81662,-0.37037999999999727,52.61791607767115
2011-12-11,51.711999999999996,-0.10462000000000415,51.63876223123083
2011-12-18,53.29066,1.5786600000000064,51.7476654049091
2011-12-25,52.8328,-0.4578600000000037,53.72794864865508
2012-01-01,53.1108,0.2779999999999987,52.64394703327327
2012-01-08,53.04621999999999,-0.06458000000000652,53.25619203059181
2012-01-15,51.9935,-1.0527199999999937,52.96686168001607
2012-01-22,50.800560000000004,-1.192939999999993,51.719759684071676
2012-01-29,49.970075,-0.830485000000003,50.45547687802577
2012-02-05,49.36216,-0.6079149999999984,49.764307947581685
2012-02-12,49.11926,-0.2429000000000059,49.18411353467606
2012-02-19,49.278525,0.15926500000000487,49.071120832401796
2012-02-26,49.1597,-0.11882500000000107,49.320436704979244
2012-03-04,49.127660000000006,-0.03203999999999496,49.12010330767678
2012-03-11,50.10265,0.9749899999999911,49.12654300088094
2012-03-18,50.04566,-0.056989999999998986,50.39570251373874
2012-03-25,50.4695,0.42383999999999844,49.98085838619145
2012-04-01,51.08726,0.6177600000000041,50.63730194547556
2012-04-08,50.8055,-0.28175999999999846,51.225236634836435
2012-04-15,51.3774,0.5718999999999994,50.724977146186944
2012-04-22,51.73630000000001,0.35890000000000555,51.562695538406714
2012-04-29,52.550760000000004,0.8144599999999969,51.80814586107605
2012-05-06,53.10295,0.552189999999996,52.8089908736246
2012-05-13,53.327099999999994,0.22414999999999452,53.2220309834129
2012-05-20,54.22146,0.894360000000006,53.40370598369741
2012-05-27,55.50156,1.2800999999999974,54.47689146369196
2012-06-03,55.8384,0.33684000000000225,55.85912189181426
2012-06-10,55.41646000000001,-0.4219399999999922,55.8993613187791
2012-06-17,55.7401,0.3236399999999904,55.30123459354744
2012-06-24,56.176480000000005,0.4363800000000069,55.85082726107007
2012-07-01,56.81036,0.6338799999999978,56.28402400309976
2012-07-08,55.126999999999995,-1.6833600000000075,57.00040461312972
2012-07-15,55.709300000000006,0.5823000000000107,54.58230620683533
2012-07-22,55.1875,-0.521800000000006,55.99789142152116
2012-07-29,55.90316,0.7156599999999997,54.9150905383333
2012-08-05,55.71866,-0.1844999999999999,56.23334348599955
2012-08-12,55.3266,-0.39206000000000074,55.541683438054534
2012-08-19,55.6882,0.3616000000000028,55.30643371408117
2012-08-26,55.404624999999996,-0.2835750000000061,55.74487172712451
2012-09-02,55.681560000000005,0.2769350000000088,55.339214271358586
2012-09-09,55.676300000000005,-0.00525999999999982,55.765158565545505
2012-09-16,55.258359999999996,-0.41794000000000864,55.66096326669083
2012-09-23,54.1185,-1.1398599999999988,55.14120079203003
2012-09-30,53.2715,-0.8469999999999942,53.78429493249942
2012-10-07,52.17825,-1.0932500000000047,53.06189372641834
2012-10-14,52.6814,0.503149999999998,51.85190504784109
2012-10-21,53.07532,0.3939200000000014,52.886564716024424
2012-10-28,53.631,0.5556800000000024,53.130974865954954
2012-11-04,53.90666,0.275660000000002,53.82840150959495
2012-11-11,54.341120000000004,0.4344600000000014,53.94120069080267
2012-11-18,54.9615,0.6203799999999973,54.49647582538305
2012-11-25,55.116200000000006,0.1547000000000054,55.111424154889875
2012-12-02,55.28125,0.1650499999999937,55.160558204238576
2012-12-09,54.54882,-0.7324300000000008,55.32574665970085
2012-12-16,54.309799999999996,-0.23902000000000356,54.32086408018322
2012-12-23,54.8285,0.5187000000000026,54.278209410430904
2012-12-30,54.935775,0.10727500000000134,54.96855242408017
2013-01-06,54.651880000000006,-0.283894999999994,54.9551567210319
2013-01-13,54.88755999999999,0.2356799999999879,54.56953277332602
2013-01-20,54.51866,-0.36889999999999645,54.971131304018996
2013-01-27,53.751875,-0.7667849999999987,54.385014197161276
2013-02-03,53.554520000000004,-0.19735499999999462,53.55254449898807
2013-02-10,53.2134,-0.34112000000000364,53.508276288862014
2013-02-17,53.86956,0.6561599999999999,53.10903417499433
2013-02-24,54.311875,0.4423150000000007,54.08795685151936
2013-03-03,54.03920000000001,-0.27267499999999245,54.39930815228026
2013-03-10,54.71061999999999,0.6714199999999835,53.96834711101059
2013-03-17,54.268460000000005,-0.442159999999987,54.92070026935282
2013-03-24,54.309799999999996,0.04133999999999105,54.094581418645724
2013-03-31,54.25393333333333,-0.05586666666666673,54.374484098276085
2013-04-07,54.562325,0.3083916666666724,54.19588166479919
2013-04-14,54.539825,-0.022500000000000853,54.69002217451619
2013-04-21,54.231775,-0.3080500000000015,54.49185449042358
2013-04-28,54.23275,0.0009750000000039449,54.16949790120093
2013-05-05,54.045625,-0.18712500000000176,54.22541290251578
2013-05-12,54.23386000000001,0.18823500000000593,53.994104552676
2013-05-19,54.79696,0.5630999999999915,54.296935594926396
2013-05-26,55.43936,0.6424000000000021,54.95498249888238
2013-06-02,56.04008,0.6007200000000026,55.61660676062761
2013-06-09,56.65072,0.6106399999999965,56.20417851307733
2013-06-16,58.2273,1.5765799999999999,56.82033767639225
2013-06-23,58.95191666666667,0.7246166666666696,58.68962284315726
2013-06-30,59.91566,0.9637433333333334,59.1052558949482
2013-07-07,59.818799999999996,-0.09686000000000661,60.222921850204706
2013-07-14,60.1582,0.3394000000000048,59.72924648620735
2013-07-21,59.73036,-0.42784000000000333,60.311667657574496
2013-07-28,59.27936,-0.4510000000000005,59.5447879913503
2013-08-04,60.35716,1.0778000000000034,59.20487712025138
2013-08-11,61.216625,0.8594650000000001,60.66278282271067
2013-08-18,61.393074999999996,0.17644999999999555,61.44046096239948
2013-08-25,63.92976,2.5366850000000056,61.430927111653716
2013-09-01,66.5087,2.578940000000003,64.7074258452753
2013-09-08,66.35604,-0.15266000000001156,67.16187648226004
2013-09-15,63.894,-2.4620399999999947,66.2750204420092
2013-09-22,62.599199999999996,-1.2948000000000022,63.17550918737737
2013-09-29,62.38271999999999,-0.21648000000000422,62.30727940144
2013-10-06,62.118075000000005,-0.26464499999998736,62.306988988659675
2013-10-13,61.73536,-0.3827150000000046,62.05570584664356
2013-10-20,61.463375,-0.2719850000000008,61.618500539584595
2013-10-27,61.567600000000006,0.10422500000000667,61.400253198184224
2013-11-03,61.55354,-0.014060000000007733,61.598765959874804
2013-11-10,62.254,0.7004599999999996,61.54429876665518
2013-11-17,63.401875000000004,1.1478750000000062,62.47240372943416
2013-11-24,62.665440000000004,-0.7364350000000002,63.712618351845215
2013-12-01,62.434180000000005,-0.2312599999999989,62.41023662217115
2013-12-08,62.05201999999999,-0.38216000000001316,62.424578712426275
2013-12-15,61.49267999999999,-0.5593399999999988,61.9018356494938
2013-12-22,62.120000000000005,0.6273200000000116,61.36672766853958
2013-12-29,61.973325,-0.1466750000000019,62.307374623552086
2014-01-05,62.028560000000006,0.055235000000003254,61.89890461673924
2014-01-12,62.2131,0.18453999999999127,62.075187123152325
2014-01-19,61.4982,-0.7149000000000001,62.244395742999174
2014-01-26,61.851,0.352800000000002,61.28886658803751
2014-02-02,62.62302,0.7720199999999977,61.98938986643293
2014-02-09,62.528620000000004,-0.09439999999999316,62.81758486470409
2014-02-16,62.261300000000006,-0.267319999999998,62.490210442436045
2014-02-23,62.129400000000004,-0.13190000000000168,62.19171134234307
2014-03-02,62.026250000000005,-0.10314999999999941,62.094075548107945
2014-03-09,61.58584,-0.4404100000000071,61.99792811757682
2014-03-16,61.1037,-0.482139999999994,61.45431514208222
2014-03-23,61.054950000000005,-0.048749999999998295,60.977187668385426
2014-03-30,60.31966,-0.7352900000000062,61.04976687424888
2014-04-06,60.03059999999999,-0.2890600000000063,60.09034705827927
2014-04-13,60.1252,0.0946000000000069,59.98423294219822
2014-04-20,60.2896,0.16440000000000055,60.13793175962928
2014-04-27,60.808575000000005,0.5189750000000046,60.34693446962559
2014-05-04,60.397975,-0.4106000000000023,60.95321527341856
2014-05-11,60.06694,-0.33103499999999997,60.25578036821563
2014-05-18,59.48545,-0.5814900000000023,59.99977933537314
2014-05-25,58.600199999999994,-0.8852500000000063,59.299785679139696
2014-06-01,58.919560000000004,0.3193600000000103,58.366153640319496
2014-06-08,59.23626,0.3166999999999973,59.036258498480365
2014-06-15,59.29136,0.05509999999999593,59.30203866638562
2014-06-22,60.155899999999995,0.8645399999999981,59.31473422924833
2014-06-29,60.16676,0.01086000000000098,60.41224427018886
2014-07-06,59.94424,-0.22251999999999583,60.13067233120943
2014-07-13,59.90576,-0.03847999999999985,59.905085324756556
2014-07-20,60.17698,0.2712199999999996,59.884140776874546
2014-07-27,60.150220000000004,-0.026759999999995898,60.26920200518812
2014-08-03,60.3367,0.18647999999999598,60.12088039951679
2014-08-10,61.238699999999994,0.9019999999999939,60.410850918189404
2014-08-17,61.151325,-0.08737499999999443,61.49168287861628
2014-08-24,60.6495,-0.5018249999999966,61.09431172896172
2014-08-31,60.466325,-0.18317500000000564,60.523382141119676
2014-09-07,60.504099999999994,0.03777499999999634,60.41632688297657
2014-09-14,60.654320000000006,0.15022000000001157,60.52077045389728
2014-09-21,60.98226,0.327939999999991,60.69440862043866
2014-09-28,61.05682,0.07456000000000529,61.07891490086127
2014-10-05,61.5973,0.5404799999999952,61.065083997232804
2014-10-12,61.255874999999996,-0.341425000000001,61.76933500788161
2014-10-19,61.362325,0.10645000000000238,61.11815608069165
2014-10-26,61.27316666666667,-0.08915833333333012,61.43761593069952
2014-11-02,61.3541,0.08093333333333419,61.20846509594447
2014-11-09,61.439766666666664,0.08566666666666123,61.41142694759122
2014-11-16,61.53666,0.09689333333333394,61.437389637761086
2014-11-23,61.85377999999999,0.3171199999999956,61.583072369320426
2014-11-30,61.88074,0.026960000000009643,61.93305082871236
2014-12-07,61.936080000000004,0.055340000000001055,61.885528813223445
2014-12-14,62.079679999999996,0.14359999999999218,61.954147137433765
2014-12-21,63.20616,1.1264800000000008,62.11978843082319
2014-12-28,63.430025,0.22386500000000353,63.54557964272752
2015-01-04,63.46885999999999,0.03883499999999174,63.4430348286287
2015-01-11,63.11712,-0.3517399999999924,63.51032332780472
2015-01-18,62.01354,-1.103580000000001,62.98556243039586
2015-01-25,61.67006,-0.34347999999999956,61.71277901585543
2015-02-01,61.53295,-0.13710999999999984,61.595697404928906
2015-02-08,61.782799999999995,0.24984999999999502,61.486223456006776
2015-02-15,62.1648,0.382000000000005,61.86990350846691
2015-02-22,62.234100000000005,0.06930000000000547,62.260396011276704
2015-03-01,62.04734,-0.1867600000000067,62.25103795092032
2015-03-08,61.929825,-0.11751499999999737,61.989821570389715
2015-03-15,62.65982,0.7299950000000024,61.90403618159472
2015-03-22,62.619719999999994,-0.04010000000000957,62.881424750868135
2015-03-29,62.421659999999996,-0.19805999999999813,62.57035306743534
2015-04-05,62.61065,0.188990000000004,62.39093470596816
2015-04-12,62.28832,-0.3223300000000009,62.65652685156708
2015-04-19,62.3764,0.08807999999999794,62.188817006189474
2015-04-26,62.97744,0.6010400000000047,62.42092914000646
2015-05-03,63.430625,0.45318499999999773,63.14330129481472
2015-05-10,63.772800000000004,0.34217500000000456,63.55088403304046
2015-05-17,63.931560000000005,0.1587600000000009,63.867200362032264
2015-05-24,63.67587999999999,-0.25568000000001234,63.96972647545428
2015-05-31,63.815560000000005,0.13968000000001268,63.597180829395306
2015-06-07,63.87316,0.057599999999993656,63.87203752713824
2015-06-14,63.9704,0.09723999999999933,63.8731564248382
2015-06-21,64.00395999999999,0.03355999999999426,64.010220555509
2015-06-28,63.60534,-0.398619999999994,64.00158479770916
2015-07-05,63.65220000000001,0.04686000000000945,63.49123114323458
2015-07-12,63.481640000000006,-0.17056000000000182,63.68163663182235
2015-07-19,63.467259999999996,-0.01438000000000983,63.41580889051408
2015-07-26,63.667060000000006,0.1998000000000104,63.482021321215754
2015-08-02,63.987120000000004,0.320059999999998,63.71456183072452
2015-08-09,63.855219999999996,-0.1319000000000088,64.08454323492363
2015-08-16,64.56058,0.705360000000006,63.79845712659383
2015-08-23,65.3852,0.8246199999999959,64.7952349040877
2015-08-30,66.30412,0.91892,65.58593360356053
2015-09-06,66.27172,-0.032399999999995543,66.57989812707228
2015-09-13,66.52311999999999,0.25139999999998963,66.21747001117105
2015-09-20,66.30865,-0.2144699999999915,66.63469162821839
2015-09-27,65.86175,-0.4468999999999994,66.20405669873301
2015-10-04,65.89015,0.028400000000004866,65.76558388121506
2015-10-11,65.17604,-0.7141100000000051,65.89208892430746
2015-10-18,64.9307,-0.24533999999999878,64.96143026582241
2015-10-25,64.93535,0.004649999999998045,64.89044116127911
2015-11-01,65.06620000000001,0.13085000000000946,64.92372344875608
2015-11-08,65.59295999999999,0.5267599999999817,65.1156604435918
2015-11-15,66.27543333333334,0.6824733333333484,65.73996091726373
2015-11-22,66.09356,-0.18187333333334266,66.4667620336711
2015-11-29,66.5085,0.4149400000000014,66.01512101497867
2015-12-06,66.70602,0.19751999999999725,66.66182907739488
2015-12-13,66.75022,0.04420000000000357,66.72485146099856
2015-12-20,66.79132,0.041100000000000136,66.78435505946855
2015-12-27,66.27483333333333,-0.5164866666666654,66.7861765679576
2016-01-03,66.28726,0.012426666666669917,66.12810639342611
2016-01-10,66.66022000000001,0.3729600000000062,66.3098119235112
2016-01-17,67.00918,0.34895999999999106,66.75951544227003
2016-01-24,67.78728,0.7780999999999949,67.10720356075691
2016-01-31,67.8963,0.109020000000001,68.01313430637099
2016-02-07,67.82701999999999,-0.06928000000000623,67.89776307988957
2016-02-14,68.06228,0.2352600000000109,67.82390493464209
2016-02-21,68.3892,0.3269200000000012,68.12430847332607
2016-02-28,68.6268,0.23760000000000048,68.4841100456927
2016-03-06,67.82522,-0.8015800000000013,68.68599250691967
2016-03-13,67.23474999999999,-0.5904700000000105,67.5779165146121
2016-03-20,67.02188,-0.21286999999999523,67.09808640490566
2016-03-27,66.63636666666667,-0.3855133333333214,66.95511282731344
2016-04-03,66.49235,-0.14401666666667268,66.53102240678693
2016-04-10,66.404575,-0.08777500000000771,66.45924093412334
2016-04-17,66.43893333333334,0.03435833333334415,66.37717038599226
2016-04-24,66.4231,-0.015833333333333144,66.45445813295315
2016-05-01,66.577,0.15389999999999304,66.41271647805668
2016-05-08,66.44912,-0.12788000000000466,66.62897862107081
2016-05-15,66.64294,0.19382000000000232,66.39830706236506
2016-05-22,67.01926,0.37632000000000687,66.71759540829422
2016-05-29,67.36974000000001,0.35048000000000457,67.11256806384624
2016-06-05,67.27804,-0.091700000000003,67.47328334278777
2016-06-12,66.78974,-0.4883000000000095,67.23433376620115
2016-06-19,67.15206,0.3623200000000111,66.65706975974877
2016-06-26,67.5654,0.41333999999999094,67.27596372358718
2016-07-03,67.71772000000001,0.15232000000001733,67.66286914131562
2016-07-10,67.3858,-0.3319200000000109,67.76412447480088
2016-07-17,67.09468,-0.2911200000000065,67.27653591616337
2016-07-24,67.15173999999999,0.05705999999999278,67.02896574911902
2016-07-31,67.18724,0.03550000000001319,67.16707185085029
2016-08-07,66.83959999999999,-0.3476400000000126,67.19666755558539
2016-08-14,66.8261,-0.013499999999993406,66.73260253921828
2016-08-21,66.87393333333334,0.04783333333334383,66.84074402084481
2016-08-28,67.1064,0.23246666666665305,66.87525365439988
2016-09-04,67.00892,-0.09747999999999024,67.18482815036066
2016-09-11,66.47579999999999,-0.5331200000000109,66.9614606079199
2016-09-18,66.942775,0.466975000000005,66.33122237355894
2016-09-25,66.89076,-0.05201499999999726,67.09966123852386
2016-10-02,66.56642,-0.3243400000000065,66.83984484463967
2016-10-09,66.61569999999999,0.049279999999995994,66.49618094334612
2016-10-16,66.76033333333334,0.1446333333333456,66.62619762413198
2016-10-23,66.77092,0.01058666666666852,66.80533905098814
2016-10-30,66.84886,0.07793999999999812,66.76598018425362
2016-11-06,66.739875,-0.1089850000000041,66.87821237453294
2016-11-13,66.73814,-0.0017349999999964894,66.69837351944045
2016-11-20,67.875175,1.1370349999999974,66.74942891837377
2016-11-27,68.417,0.5418250000000029,68.21379762347765
2016-12-04,68.52906,0.1120599999999996,68.52958927531233
2016-12-11,67.81794,-0.7111200000000082,68.57444615805731
2016-12-18,67.65605,-0.16188999999999965,67.58652734731784
2016-12-25,67.86386,0.20781000000000915,67.65434086393013
2017-01-01,68.02672,0.1628599999999949,67.90019524457448
2017-01-08,68.00572,-0.021000000000000796,68.08585565329375
2017-01-15,68.15896000000001,0.15324000000001092,67.98379242712092
2017-01-22,68.08160000000001,-0.07735999999999876,68.21843977465967
2017-01-29,68.1503,0.06869999999999266,68.04050971679543
2017-02-05,67.66628,-0.484020000000001,68.18835130159208
2017-02-12,67.16396,-0.5023199999999974,67.50210094816386
2017-02-19,66.96459999999999,-0.19936000000001286,67.04798095505332
2017-02-26,66.92553333333332,-0.03906666666667036,66.90200891094297
2017-03-05,66.77786,-0.14767333333331578,66.92528048389998
2017-03-12,66.6971,-0.08075999999999794,66.72607788922247
2017-03-19,65.654825,-1.0422750000000036,66.68512323160456
2017-03-26,65.41252,-0.24230500000000177,65.33117987234995
2017-04-02,64.95387500000001,-0.45864499999999,65.39689544865847
2017-04-09,64.8315,-0.12237500000000523,64.78287884428677
2017-04-16,64.498525,-0.3329750000000047,64.84112768708866
2017-04-23,64.54436000000001,0.04583500000001095,64.36814085162911
2017-04-30,64.21714,-0.32722000000001117,64.59714703378168
2017-05-07,64.217625,0.0004849999999976262,64.0858563506229
2017-05-14,64.36605,0.14842500000000314,64.25823955184629
2017-05-21,64.31014,-0.05590999999999724,64.3811853032528
2017-05-28,64.66004,0.349899999999991,64.30783030421743
2017-06-04,64.52544,-0.13459999999999184,64.75883588102889
2017-06-11,64.35354,-0.17190000000000794,64.4720674277344
2017-06-18,64.3937,0.040160000000000196,64.31720278633333
2017-06-25,64.49600000000001,0.10230000000001382,64.40288986737853
2017-07-02,64.54885,0.05284999999999229,64.52744773676683
2017-07-09,64.76046,0.2116099999999932,64.5595006287292
2017-07-16,64.48643999999999,-0.27402000000000726,64.82643871800599
2017-07-23,64.35272,-0.13371999999998252,64.39067375050155
2017-07-30,64.29962,-0.05310000000000059,64.33518722369966
2017-08-06,63.91101999999999,-0.38860000000001094,64.27299859337889
2017-08-13,63.867560000000005,-0.04345999999998895,63.802841083420574
2017-08-20,64.1243,0.25674000000000063,63.86674170919574
2017-08-27,64.0833,-0.04100000000001103,64.19571038297178
2017-09-03,63.96528000000001,-0.11801999999998714,64.06258997475551
2017-09-10,64.05436,0.08907999999999561,63.937474609172604
2017-09-17,63.99234,-0.06202000000000396,64.08159037223908
2017-09-24,64.41258,0.42024000000000683,63.9687240509643
2017-10-01,65.39662000000001,0.9840400000000074,64.54768174265708
2017-10-08,65.31155,-0.08507000000001597,65.67024622041713
2017-10-15,65.17442,-0.13712999999999909,65.25424788729146
2017-10-22,64.91593333333333,-0.25848666666666986,65.16033099028766
2017-10-29,64.994,0.07806666666667184,64.8234023106997
2017-11-05,64.68066,-0.3133399999999966,65.0414790063318
2017-11-12,64.90074,0.22007999999999583,64.56323410581093
2017-11-19,65.29126,0.3905199999999951,65.00053882877117
2017-11-26,64.87362,-0.4176399999999916,65.37476365696013
2017-12-03,64.48859999999999,-0.38502000000001146,64.75231984249311
2017-12-10,64.44134,-0.04725999999999431,64.38812810935856
2017-12-17,64.33462,-0.10671999999999571,64.43424128570258
2017-12-24,64.08278,-0.2518400000000014,64.2990158702176
2017-12-31,64.0776,-0.0051799999999957436,64.01366491954155
2018-01-07,63.51989999999999,-0.5577000000000112,64.08335111325894
2018-01-14,63.58126,0.06136000000000763,63.344332417283546
2018-01-21,63.74276,0.16149999999999665,63.63303480000337
2018-01-28,63.700975,-0.041784999999997297,63.764253437844765
2018-02-04,63.735519999999994,0.034544999999994275,63.70053372484085
2018-02-11,64.19394,0.4584200000000038,63.73906609171897
2018-02-18,64.0604,-0.13353999999999644,64.33740043038691
2018-02-25,64.80250000000001,0.7421000000000078,63.993091568471385
2018-03-04,64.961125,0.15862499999998647,65.0559556432114
2018-03-11,65.00188,0.040755000000004316,64.95083548971526
2018-03-18,64.95488,-0.046999999999997044,65.04985325121437
2018-03-25,65.1297,0.17481999999999687,64.91189765136178
2018-04-01,64.91563333333333,-0.21406666666666752,65.20691065130751
2018-04-08,65.023925,0.10829166666667334,64.8233457915313
2018-04-15,65.11298000000001,0.08905500000000188,65.08825429374508
2018-04-22,65.70836,0.5953799999999916,65.11121869051698
2018-04-29,66.57764,0.8692800000000034,65.9071880766098
2018-05-06,66.68033333333334,0.10269333333333464,66.7994284902865
2018-05-13,67.23346000000001,0.553126666666671,66.69890414293455
2018-05-20,67.66900000000001,0.43554000000000315,67.40661051075062
2018-05-27,68.19362,0.5246199999999845,67.770020349737
2018-06-03,67.5057,-0.6879199999999912,68.355005393459
2018-06-10,67.16286,-0.3428400000000096,67.26729045845538
2018-06-17,67.61578,0.452920000000006,67.11516498481173
2018-06-24,68.04484,0.42905999999999267,67.72952156917194
2018-07-01,68.4706,0.425760000000011,68.17059677410283
2018-07-08,68.69552,0.22491999999999734,68.58219842907147
2018-07-15,68.66423999999999,-0.03128000000000952,68.75574518566363
2018-07-22,68.62592,-0.0383199999999988,68.64925501897977
2018-07-29,68.79312,0.16720000000000823,68.61989834388531
2018-08-05,68.62312,-0.1700000000000017,68.84196049572691
2018-08-12,68.74152000000001,0.11840000000000828,68.56411556114884
2018-08-19,69.82226666666666,1.0807466666666556,68.7918503846125
2018-08-26,69.90795,0.08568333333333555,70.13566742696817
2018-09-02,70.47366,0.5657099999999957,69.89012383526196
2018-09-09,71.50616,1.0324999999999989,70.67481399454667
2018-09-16,72.36625000000001,0.8600900000000138,71.77086595305424
2018-09-23,72.36427499999999,-0.001975000000015825,72.61284067667292
2018-09-30,72.68444,0.3201650000000029,72.33075965941934
2018-10-07,73.291325,0.6068850000000054,72.80689540317644
2018-10-14,74.06764000000001,0.776315000000011,73.44159842361604
2018-10-21,73.698725,-0.3689150000000154,74.29926233454214
2018-10-28,73.39948,-0.2992449999999991,73.5495709131947
2018-11-04,73.53837999999999,0.13889999999999247,73.35453967675811
2018-11-11,72.93946666666666,-0.5989133333333285,73.56179250392815
2018-11-18,72.31186,-0.6276066666666651,72.76343214103478
2018-11-25,71.46900000000001,-0.8428599999999875,72.14627865002603
2018-12-02,70.37646,-1.0925400000000138,71.22482824069182
2018-12-09,70.4988,0.12234000000000833,70.07683864110095
2018-12-16,71.7133,1.214500000000001,70.56782656864765
2018-12-23,70.65934,-1.0539600000000036,72.0543079735761
2018-12-30,70.117975,-0.541364999999999,70.29626246203945
2019-01-06,69.86846,-0.24951500000000237,70.03835045346494
2019-01-13,70.1865,0.3180399999999963,69.756578229395
2019-01-20,71.1045,0.9180000000000064,70.32329460533195
2019-01-27,71.26906,0.1645599999999945,71.33874666387281
2019-02-03,71.12318,-0.14587999999999113,71.30579202978699
2019-02-10,71.54814,0.42495999999999867,71.0801111762933
2019-02-17,70.96887999999998,-0.5792600000000192,71.68446920365196
2019-02-24,71.254875,0.285995000000014,70.76485517123379
2019-03-03,71.09368,-0.1611949999999922,71.39271134289359
2019-03-10,70.366925,-0.7267550000000114,70.99184615177491
2019-03-17,69.60542000000001,-0.7615049999999854,70.19256262129242
2019-03-24,68.67865,-0.9267700000000048,69.37524307612445
2019-03-31,68.98306,0.3044099999999901,68.43351422802975
2019-04-07,68.91262499999999,-0.07043500000000336,69.0961728134134
2019-04-14,69.30006,0.38743500000001063,68.86018944345321
2019-04-21,69.40839999999999,0.10833999999998412,69.4451573658384
2019-04-28,69.8961,0.487700000000018,69.40129884321266
2019-05-05,69.54886666666665,-0.3472333333333495,70.06940185855304
2019-05-12,69.61118,0.062313333333349874,69.3991622076502
2019-05-19,70.26012,0.6489399999999961,69.68090724720341
2019-05-26,69.6648,-0.595320000000001,70.4172968631482
2019-06-02,69.70367999999999,0.03887999999999181,69.47964344314605
2019-06-09,69.337,-0.3666799999999881,69.74913445269702
2019-06-16,69.44185999999999,0.10485999999998796,69.19790970213295
2019-06-23,69.70074,0.2588800000000049,69.51325412127699
2019-06-30,69.25548,-0.44525999999999044,69.7449860133726
2019-07-07,68.88818,-0.3673000000000002,69.13191034605474
2019-07-14,68.58144,-0.3067400000000049,68.78996483814224
2019-07-21,68.73132000000001,0.14988000000001023,68.49650200081551
2019-07-28,69.01541999999999,0.2840999999999809,68.78660219595807
2019-08-04,68.99306,-0.022359999999991942,69.08729098612386
2019-08-11,70.6809,1.6878399999999942,68.98250414375069
2019-08-18,71.20683333333334,0.5259333333333416,71.20045650985313
2019-08-25,71.5942,0.3873666666666651,71.2763248349687
2019-09-01,71.89236,0.29815999999999576,71.75304157750216
2019-09-08,71.963325,0.07096500000000106,71.93298315467925
2019-09-15,71.377125,-0.586199999999991,72.00705241525515
2019-09-22,71.34884,-0.028285000000010996,71.17789577927856
2019-09-29,70.90972000000001,-0.4391199999999884,71.38587349422883
2019-10-06,70.895625,-0.014095000000011737,70.74298912753719
2019-10-13,71.0418,0.1461749999999995,70.93857732021478
2019-10-20,71.28999999999999,0.2481999999999971,71.05194465204278
2019-10-27,70.92587499999999,-0.36412500000000136,71.38391839751185
2019-11-03,70.85277500000001,-0.0730999999999824,70.78816882536748
2019-11-10,70.91076000000001,0.057985000000002174,70.86922131582094
2019-11-17,71.72655,0.8157899999999927,70.90337361395669
2019-11-24,71.7707,0.04415000000000191,71.99145048182731
2019-12-01,71.56812,-0.20258000000001175,71.72984166283182
2019-12-08,71.59328000000001,0.025160000000013838,71.54445934709094
2019-12-15,70.87866,-0.7146200000000107,71.58304673976026
2019-12-22,71.0418,0.1631399999999985,70.67240397651818
2019-12-29,71.214275,0.1724750000000057,71.12000559675919
2020-01-05,71.40568,0.19140500000000316,71.2372773678975
2020-01-12,71.68436,0.27867999999999427,71.47727613186345
2020-01-19,70.91222,-0.7721399999999932,71.74969823676305
2020-01-26,71.18584000000001,0.2736200000000082,70.67653855434007
2020-02-02,71.37908,0.19323999999998875,71.30964329941028
2020-02-09,71.29702,-0.08205999999999847,71.39381422205437
2020-02-16,71.32962,0.03260000000000218,71.29488897099507
2020-02-23,71.47236666666667,0.14274666666666747,71.32676129854244
2020-03-01,71.8486,0.37623333333333164,71.52382911189179
2020-03-08,73.12418,1.2755799999999908,71.95021281713908
2020-03-15,74.00135,0.8771700000000067,73.50411812441398
2020-03-22,74.5081,0.5067499999999967,74.20989152649005
2020-03-29,75.52905,1.0209499999999991,74.66136909004638
2020-04-05,75.51953333333334,-0.009516666666655738,75.81559011607645
2020-04-12,76.12939999999999,0.6098666666666475,75.48216019340676
2020-04-19,76.4803,0.35090000000001,76.34190802733566
2020-04-26,76.51486,0.034559999999999036,76.53607181074256
2020-05-03,75.82724999999999,-0.6876100000000065,76.54542728276043
2020-05-10,75.623475,-0.20377499999999316,75.60046530064777
2020-05-17,75.57482,-0.04865499999999656,75.60964652425338
2020-05-24,75.76696,0.19213999999999487,75.53449448622706
2020-05-31,75.66875,-0.09820999999999458,75.847189547878
2020-06-07,75.47756,-0.19119000000000597,75.61264411419725
2020-06-14,75.67126,0.19370000000000687,75.44375738226456
2020-06-21,76.10301999999999,0.4317599999999828,75.72207696744512
2020-06-28,75.72724000000001,-0.3757799999999776,76.23102241182899
2020-07-05,75.38964,-0.337600000000009,75.59277938596911
2020-07-12,74.97193999999999,-0.4177000000000106,75.32081877258904
2020-07-19,75.2412,0.26926000000001693,74.8363969257679
2020-07-26,74.80824,-0.43296000000000845,75.35121285648762
2020-08-02,74.77758,-0.030659999999997467,74.64119951297904
2020-08-09,74.95832,0.18074000000000012,74.81678436649504
2020-08-16,74.83184,-0.12648000000000081,74.97891081690783
2020-08-23,74.86158,0.029740000000003874,74.80957677084803
2020-08-30,74.25131999999999,-0.6102600000000109,74.8650641363279
2020-09-06,73.22442,-1.0268999999999977,74.06751764987293
2020-09-13,73.44218,0.2177599999999984,72.94066201304297
2020-09-20,73.4605,0.01832000000000278,73.5400486948525
2020-09-27,73.61861999999999,0.1581199999999967,73.43133448262914
2020-10-04,73.65164999999999,0.03302999999999656,73.69189201569311
2020-10-11,73.29946,-0.3521899999999931,73.63485231150729
2020-10-18,73.371375,0.07191500000000417,73.21019842269924
2020-10-25,73.48818,0.11680499999999938,73.39808528156198
2020-11-01,73.805,0.316820000000007,73.51656667450786
2020-11-08,74.33214000000001,0.5271400000000028,73.90111902213856
2020-11-15,74.30232,-0.029820000000015057,74.4771076538289
2020-11-22,74.321725,0.019405000000006112,74.27763715621016
2020-11-29,73.94336000000001,-0.37836499999998807,74.34082669799983
2020-12-06,73.698375,-0.244985000000014,73.8169355666507
2020-12-13,73.675,-0.023375000000001478,73.65139880532682
2020-12-20,73.5328,-0.14220000000000255,73.65988454830493
2020-12-27,73.733675,0.20087500000001057,73.49652974390796
2021-01-03,73.26516000000001,-0.46851499999999646,73.79712519018952
2021-01-10,73.14529999999999,-0.11986000000001695,73.10997965304918
2021-01-17,73.22502,0.0797200000000089,73.14216730142945
2021-01-24,73.07922500000001,-0.14579499999999257,73.23066644488506
2021-01-31,72.94165,-0.13757500000001244,73.04447164663479
2021-02-07,72.95056,0.008910000000000196,72.89994638744233
2021-02-14,72.83468,-0.11587999999998999,72.96023214917722
2021-02-21,72.720275,-0.11440500000000497,72.79363097179899
2021-02-28,72.5131,-0.20717500000000655,72.69559698320337
2021-03-07,73.0363,0.5232000000000028,72.44813118954406
2021-03-14,72.94465,-0.09165000000000134,73.20821234479445
2021-03-21,72.56054,-0.3841099999999926,72.88029124218986
2021-03-28,72.46812,-0.09242000000000417,72.4751101917635
2021-04-04,73.2727,0.8045800000000014,72.43616657525892
2021-04-11,74.02484,0.7521399999999971,73.52609286420238
2021-04-18,74.86103333333334,0.8361933333333411,74.20687638267502
2021-04-25,74.867275,0.006241666666667811,75.1127596473542
2021-05-02,74.37024,-0.497035000000011,74.82824400714003
2021-05-09,73.93746,-0.43277999999999395,74.24860958092465
2021-05-16,73.419075,-0.518384999999995,73.80870547777717
2021-05-23,73.07694000000001,-0.34213499999999897,73.28076374760572
2021-05-30,72.704425,-0.37251500000000703,72.98456883132506
2021-06-06,72.92952,0.22509499999999605,72.59945323700309
2021-06-13,72.92132,-0.008200000000002206,73.01117314083035
2021-06-20,73.54226,0.6209400000000045,72.89743479072207
2021-06-27,74.21422,0.6719599999999986,73.74832226455997
2021-07-04,74.38704,0.17282000000000153,74.37482224457321
2021-07-11,74.56164,0.1745999999999981,74.43802523718236
2021-07-18,74.53342,-0.028219999999990364,74.60729266271979
2021-07-25,74.610975,0.0775549999999896,74.52140393628233
2021-08-01,74.39562000000001,-0.2153549999999882,74.6386743164201
2021-08-08,74.26034,-0.13528000000000873,74.32278941318675
2021-08-15,74.32357999999999,0.0632399999999933,74.23552417294282
2021-08-22,74.33776666666667,0.014186666666674341,74.33765669565112
2021-08-29,74.22092,-0.11684666666666033,74.34270444598893
2021-09-05,73.13108,-1.0898400000000095,74.18403308803698
2021-09-12,73.420225,0.28914500000000487,72.80514757703821
2021-09-19,73.57028,0.15005499999999472,73.56030546321557
2021-09-26,73.69176,0.12148000000000536,73.56240757286605
2021-10-03,74.02076,0.3289999999999935,73.7610861854771
2021-10-10,74.6515,0.630740000000003,74.09088681642567
2021-10-17,75.30805,0.6565499999999957,74.84963993257428
2021-10-24,74.9853,-0.3227499999999992,75.47157395030892
2021-10-31,74.93902,-0.04627999999999588,74.88001163470744
2021-11-07,74.75326666666666,-0.18575333333333788,74.9467453612802
2021-11-14,74.22798,-0.5252866666666591,74.68263492595922
2021-11-21,74.3347,0.10671999999999571,74.08758016515061
2021-11-28,74.50314,0.16844000000000392,74.37979319772491
2021-12-05,75.01598,0.5128399999999971,74.53970045641246
2021-12-12,75.46848,0.45250000000000057,75.17494922009708
2021-12-19,76.01478,0.5463000000000022,75.578185217293
2021-12-26,75.5336,-0.48117999999999483,76.17928848252296
2022-01-02,74.71666,-0.8169400000000024,75.35982333777136
2022-01-09,74.42018,-0.2964800000000025,74.51222611469454
2022-01-16,74.02844,-0.39173999999999864,74.33865588393628
2022-01-23,74.4433,0.41485999999999024,73.91752070261575
2022-01-30,74.85125,0.4079499999999996,74.58398403470761
2022-02-06,74.78208,-0.06916999999999973,74.94378157223018
2022-02-13,74.949725,0.16764500000000737,74.76355894079269
2022-02-20,75.26096,0.3112349999999964,75.00260763718745
2022-02-27,74.9049,-0.3560599999999994,75.34602888440871
2022-03-06,75.760975,0.8560750000000041,74.78732451489516
2022-03-13,76.64282,0.8818449999999984,76.04767199872794
2022-03-20,76.33455000000001,-0.30826999999999316,76.84868089731643
2022-03-27,76.2442,-0.09035000000000082,76.24166299532696
2022-04-03,75.951225,-0.29297500000001264,76.23175556964479
2022-04-10,75.6264,-0.3248249999999899,75.8551446883738
2022-04-17,76.10006666666668,0.47366666666667356,75.54739396594157
2022-04-24,76.32174,0.22167333333332806,76.24666142364991
2022-05-01,76.59602,0.2742799999999903,76.36328292989063
2022-05-08,76.43860000000001,-0.15741999999998768,76.68774264816814
2022-05-15,77.38536,0.9467599999999976,76.37025543087529
2022-05-22,77.62635,0.24098999999999648,77.69791642532901
2022-05-29,77.60466,-0.02169000000000665,77.63307397727353
2022-06-05,77.58374,-0.020919999999989614,77.63532857529506
2022-06-12,77.74956,0.16581999999999653,77.5506678108773
2022-06-19,78.07878000000001,0.3292200000000065,77.82120876888965
2022-06-26,78.17812,0.09933999999999799,78.1550263399247
2022-07-03,78.79186,0.6137399999999928,78.20939987964522
2022-07-10,79.13419999999999,0.342339999999993,78.9734594658445
2022-07-17,79.69196,0.5577600000000018,79.2110893119539
2022-07-24,79.94076,0.2488000000000028,79.86510404934702
2022-07-31,79.7408,-0.19996000000000436,79.98555240660308
2022-08-07,79.05568,-0.6851199999999977,79.68998853298508
2022-08-14,79.56775,0.5120700000000085,78.8491768419939
2022-08-21,79.61766666666666,0.04991666666666106,79.75791186907624
2022-08-28,79.86670000000001,0.24903333333334388,79.58098933900818
2022-09-04,79.74895,-0.11775000000001512,79.97889443219675
2022-09-11,79.80238,0.05343000000000586,79.6730231715726
2022-09-18,79.54526,-0.25712000000000046,79.8546574938321
2022-09-25,80.18144,0.636179999999996,79.43710427486829
2022-10-02,81.65259999999999,1.4711599999999976,80.41130735301739
2022-10-09,81.8182,0.16560000000001196,82.04226676843622
2022-10-16,82.3646,0.5463999999999913,81.83644893490133
2022-10-23,82.61444,0.24984000000000606,82.54697990177016
2022-10-30,82.52023333333334,-0.09420666666666477,82.6506673453888
2022-11-06,82.65664,0.1364066666666588,82.50829853087798
2022-11-13,81.5204,-1.1362400000000008,82.69067203086135
2022-11-20,81.46552,-0.05487999999999715,81.1718623261483
2022-11-27,81.73166,0.26614000000000715,81.50921945856778
2022-12-04,81.47837999999999,-0.25328000000001794,81.7707344622971
2022-12-11,82.17963999999999,0.7012600000000049,81.41858898412494
2022-12-18,82.6351,0.4554600000000022,82.39399078091328
2022-12-25,82.74814,0.11304000000001224,82.73748440684516
2023-01-01,82.814,0.06585999999998648,82.78627390624993
2023-01-08,82.72954,-0.08445999999999287,82.82552383198754
2023-01-15,81.88628,-0.8432600000000008,82.70670670567662
2023-01-22,81.47398,-0.4123000000000019,81.63087840618556
2023-01-29,81.43885,-0.03512999999999522,81.39046684217004
2023-02-05,81.8853,0.4464499999999987,81.41801912204235
2023-02-12,82.6027,0.7173999999999978,82.03105226520226
2023-02-19,82.74658,0.1438799999999958,82.79152989887645
2023-02-26,82.75916,0.012579999999999814,82.77564925704348
2023-03-05,82.59252000000001,-0.1666399999999868,82.76658269442328
2023-03-12,81.9411,-0.6514200000000017,82.53828659556376
2023-03-19,82.3842,0.44310000000000116,81.75329368142444
2023-03-26,82.394925,0.010724999999993656,82.54526453589804
2023-04-02,82.28495,-0.10997500000000571,82.35586805046175
2023-04-09,82.18373333333334,-0.10121666666665874,82.28236696850986
2023-04-16,82.011325,-0.17240833333333683,82.135431899207
2023-04-23,82.09138,0.08005500000000154,81.97691126039656
2023-04-30,81.85998,-0.23140000000000782,82.11123335600699
2023-05-07,81.78433333333334,-0.07564666666665687,81.78853855015318
2023-05-14,82.00228,0.21794666666666274,81.77388157858871
2023-05-21,82.42085999999999,0.4185799999999915,82.06337364778008
2023-05-28,82.75618,0.33532000000001005,82.54142837280008
2023-06-04,82.54678,-0.20940000000000225,82.84218011646391
2023-06-11,82.55098000000001,0.004200000000011528,82.47754085257701
2023-06-18,82.24834,-0.3026400000000109,82.56714007974897
2023-06-25,82.02928,-0.21905999999999892,82.14457286432675
2023-07-02,81.997525,-0.031755000000003974,81.9866197562711
2023-07-09,82.22560000000001,0.22807500000001824,81.98118216343033
2023-07-16,82.29814,0.07253999999998939,82.30188727398341
2023-07-23,82.07275999999999,-0.22538000000001546,82.3034448166606
2023-07-30,81.99204,-0.08071999999998525,82.01268888337306
2023-08-06,82.5162,0.5241599999999949,81.97261502494878
2023-08-13,82.79466,0.2784599999999955,82.67663890415656
2023-08-20,83.05630000000001,0.2616400000000141,82.85208992741182
2023-08-27,82.86148,-0.1948200000000071,83.14228213892892
2023-09-03,82.67508000000001,-0.1863999999999919,82.78377258311603
2023-09-10,83.02266,0.34757999999999356,82.64189029590273
2023-09-17,82.96826,-0.054400000000001114,83.12086878435022
2023-09-24,83.141075,0.17281499999999994,82.93941786235145
2023-10-01,83.1531,0.01202499999999418,83.20582782624747
2023-10-08,83.230025,0.0769250000000028,83.13881937417993
2023-10-15,83.23748,0.007455000000007317,83.26628645358831
2023-10-22,83.24972,0.012239999999991369,83.22621798511175
2023-10-29,83.20345,-0.046269999999992706,83.26316748188191
2023-11-05,83.2702,0.06674999999999898,83.1814346508601
2023-11-12,83.27784,0.007639999999994984,83.29888733530196
2023-11-19,83.23885,-0.038989999999998304,83.27049710276626
2023-11-26,83.34792,0.10907000000000266,83.23375699761208
2023-12-03,83.355475,0.007554999999996426,83.3781924263013
2023-12-10,83.36326,0.0077849999999983766,83.35435385317517
2023-12-17,83.33848,-0.024779999999992697,83.36780077474715
2023-12-24,83.17416,-0.16432000000000357,83.32889023344201
2023-12-31,83.208675,0.03451499999999896,83.12676455001858
2024-01-07,83.26522,0.056544999999999845,83.22571871742713
2024-01-14,83.05640000000001,-0.20881999999998868,83.2758416079672
2024-01-21,83.0439,-0.012500000000017053,82.9946141401595
2024-01-28,83.12136666666667,0.07746666666668034,83.0495014527138
2024-02-04,83.02896,-0.09240666666667607,83.1386592710838
2024-02-11,83.0087,-0.020259999999993283,83.0014343433914
2024-02-18,83.03004,0.02133999999999503,83.00681685127924
2024-02-25,82.9165,-0.11354000000000042,83.0344065949576
2024-03-03,82.89748,-0.019019999999997594,82.88230510510238
2024-03-10,82.87719999999999,-0.020280000000013843,82.8972394696309
2024-03-17,82.81750000000001,-0.059699999999978104,82.8678449137916
2024-03-24,83.08709999999999,0.26959999999998274,82.80267937275327
2024-03-31,83.35176666666668,0.2646666666666846,83.17003105248017
2024-04-07,83.40842500000001,0.05665833333333126,83.4180984804826
2024-04-14,83.312,-0.09642500000001064,83.42272748111604
2024-04-21,83.4947,0.18269999999999698,83.28182369814286
2024-04-28,83.36035999999999,-0.13434000000000879,83.55608946983446
2024-05-05,83.44749999999999,0.0871400000000051,83.30561104772175
2024-05-12,83.49618000000001,0.04868000000001871,83.49136773287114
2024-05-19,83.50706,0.010879999999986012,83.49363202529358
2024-05-26,83.2378,-0.2692600000000027,83.52083053536005
2024-06-02,83.25942,0.02162000000001285,83.14718490527429
2024-06-09,83.36967999999999,0.11025999999998248,83.2863350403071
2024-06-16,83.5309,0.16122000000001435,83.38708451036776
2024-06-23,83.504825,-0.026075000000005844,83.5865273175759
2024-06-30,83.48504,-0.01978499999999883,83.483675775431
2024-07-07,83.49092,0.00588000000000477,83.4901917767499
2024-07-14,83.50496000000001,0.01404000000000849,83.4854003602102
2024-07-21,83.605925,0.10096499999998798,83.51439802298044
2024-07-28,83.69308,0.08715499999999565,83.63219407036087
2024-08-04,83.7353,0.04222000000000037,83.717838289306
2024-08-11,83.91141999999999,0.1761199999999974,83.74503355913141
2024-08-18,83.95785000000001,0.04643000000001507,83.96537478245831
2024-08-25,83.89006,-0.06779000000000224,83.96271328700062
2024-09-01,83.90414000000001,0.014080000000006976,83.87387551544876
2024-09-08,83.94198,0.03783999999998855,83.90861047844227
2024-09-15,83.95412,0.01214000000000226,83.9526772977001
2024-09-22,83.708375,-0.24574499999999944,83.95649364256356
2024-09-29,83.6123,-0.09607499999999902,83.63366469629946
2024-10-06,83.879725,0.2674249999999887,83.59552721708378
2024-10-13,83.98017999999999,0.10045499999999663,83.95706140840079
2024-10-20,84.06342,0.08324000000000353,84.00013844090178
2024-10-27,84.07442,0.01100000000000989,84.09159941381387
2024-11-03,84.082275,0.007854999999992174,84.07137742305062
2024-11-10,84.23918,0.15690500000000895,84.08887503454515
2024-11-17,84.3993,0.16011999999999205,84.28356866140486
2024-11-24,84.436175,0.036875000000009095,84.44265502561228
2024-12-01,84.40414000000001,-0.032034999999993374,84.44321591801491
2024-12-08,84.7012,0.29705999999998767,84.39557646044096
2024-12-15,84.82812,0.12691999999999837,84.79270997155886
2024-12-22,84.97024,0.14212000000000558,84.8507949480706
2024-12-29,85.281075,0.3108349999999973,85.01902664334112
2025-01-05,85.66856,0.3874849999999981,85.36459528977412
2025-01-12,85.8335,0.16494000000000142,85.77921089905495
2025-01-19,86.51142,0.6779200000000003,85.86938914759679
2025-01-26,86.47556,-0.03585999999999956,86.72070483742844
2025-02-02,86.7132142857143,0.23765428571429936,86.42753428363362
2025-02-09,87.32158,0.6083657142856964,86.8153371247446
2025-02-16,87.01728,-0.3042999999999978,87.47298431581139
2025-02-23,86.7731,-0.24418000000000006,86.91820748930836
2025-03-02,87.07657499999999,0.3034749999999917,86.7189731659106
2025-03-09,87.18934,0.11276500000001022,87.16678169226036
2025-03-16,87.227425,0.03808499999999526,87.20978908323323
2025-03-23,86.4973,-0.730125000000001,87.24360552544668
2025-03-30,85.75453999999999,-0.7427600000000041,86.26887651213464
2025-04-06,85.49243333333334,-0.2621066666666536,85.56981794616378
2025-04-13,86.11959999999999,0.6271666666666533,85.41973156369127
2025-04-20,85.63573333333333,-0.4838666666666569,86.3193959287945
2025-04-27,85.35740000000001,-0.2783333333333218,85.44901499224873
2025-05-04,84.8272,-0.5302000000000078,85.32668277825968
2025-05-11,84.772,-0.05519999999999925,84.63927607937293
2025-05-18,85.33515,0.5631499999999932,84.80221123136019
2025-05-25,85.57024,0.23508999999999958,85.47496017334542
2025-06-01,85.37702,-0.19321999999999662,85.6366517995766
2025-06-08,85.68242000000001,0.3054000000000059,85.30973618225673
2025-06-15,85.63614,-0.04628000000001009,85.79197438195024
2025-06-22,86.34754000000001,0.7114000000000118,85.59391120901657
2025-06-29,86.01953999999999,-0.32800000000001717,86.58823201948177
2025-07-06,85.55106,-0.46847999999998535,85.86472359205231
2025-07-13,85.77723333333334,0.22617333333333534,85.46582733255438
